color,mean_reward,std_reward,n_trials
yellow,279.42057659694746,86.66357338883653,1769
orange,196.37427578215528,56.20836410836509,1726
red,120.37196137196138,33.07057368022163,3003
